TGCTGCGCCTCTGCTG	60.05969596620889	ACCACCACTAACCCGCTCC	61.590113983960634
TGCTGCGCCTCTGCTG	60.05969596620889	ACCACCACTAACCCGCTC	58.93380217159057
TGCTGCGCCTCTGCTG	60.05969596620889	ACCACCACTAACCCGCTCCA	63.314623874549795
TGCTGCGCCTCTGCTG	60.05969596620889	ACCACCACTAACCCGCTCCAG	64.11489022252215
TGCTGCGCCTCTGCT	58.3329829717523	ACCACCACTAACCCGCTCC	61.590113983960634
